瑜伽砖,体育用品
演出服,服装
荧光灯源,家装建材
功能升级,汽车配件
冬虫夏草,传统滋补
改善贫血,营养健康
电子礼品,礼品
婴童布尿裤,母婴
旅行装备,运动户外
流体相关,工业品
冰吧,家用电器
体操垫,体育用品
踏板,汽车配件
书法,书法
扶手箱,汽车配件
正装鞋,鞋靴
沐浴露,身体护理
棋牌麻将,棋牌
肉干肉脯,食品
集成灶,家用电器
唇彩唇蜜,美妆
电机,工业品
化妆水,美妆
科普,百科
厨房纸巾,家庭清洁
手写板,数码
动漫,动漫
心电仪,保健器械
木材,家装建材
照片墙,家居日用
普洱,饮料
票证,礼品
净化除味,家居日用
医疗保健,医药保健
涂刷化工类辅料,家装建材
雨眉,汽车配件
倒立机,体育用品
轮滑护具,体育用品
淋浴花洒,厨房卫浴
室外灯,家装建材
领结,服装
皮带,箱包皮具
武术搏击,武术搏击
运动裤,服装
手工DIY,DIY
电力仪表,家装建材
孕妈装,母婴
点读笔,数码
膳食纤维,营养成分
粉饼,美妆
台灯,家装建材
乒乓球,体育用品
汤圆,生鲜
速滑服,体育用品
期刊,图书
震动棒,计生用品
回音壁,家用电器
吸尘器,家用电器
摩托车,汽车配件
网卡,数码
孕产服务,健康服务
腰包,箱包皮具
娃娃玩具,玩具
军刀军具,礼品
高尔夫鞋,体育用品
车载净化器,汽车配件
黑茶,饮料
麻将,棋牌
传统布鞋,鞋靴
服务器,数码
户外装备,运动户外
应急灯,家装建材
调味品,食品
电脑软件,数码
发电设备,工业品
跳蛋,计生用品
雪地靴,鞋靴
便携音箱,数码
蜜粉,美妆
花样滑冰袜,体育用品
扫地机器人,家用电器
眼罩,护理护具
植物生长调节剂,园林用品
饮料,饮料
理发器,身体护理
车辆改装,汽车配件
商务休闲鞋,鞋靴
打底裤袜,服装
座钟,钟表
牙膏,口腔护理
鱼线,运动户外
被套,家居日用
肠胃养护,营养健康
苹果,生鲜
网球鞋,体育用品
养生酒,酒类
西服套装,服装
户外工具,运动户外
睫毛夹,美妆
板鞋,鞋靴
广场舞服,体育用品
军迷鞋靴,运动户外
抽奖转盘,棋牌
鸭肉,生鲜
拉杆包,箱包皮具
办公设备安装,数码
骑行服,体育用品
其它冰上运动,体育用品
双翘板,体育用品
牛仔裤,服装
户外,家具
身体护理套装,身体护理
读卡器,数码
主板,数码
消防器材,工业品
肚皮舞服,体育用品
数码支架,数码
运动护膝,体育用品
应急处理,工业品
精华露,美妆
洗发沐浴,母婴
工作站,数码
彩宝,珠宝首饰
存储卡,数码
假领,服装
汽车喇叭,汽车配件
字牌,棋牌
游戏周边,游戏设备
国际象棋,棋牌
泳镜,体育用品
洗晒,家居日用
凉鞋,鞋靴
灭火器,家居日用
马术靴,体育用品
赛事报名,体育用品
柚子,生鲜
眼镜框,服装
药食同源,传统滋补
马鞍,体育用品
服饰,服装
手机存储卡,数码
果泥,母婴
化妆刷,美妆
银饰,珠宝首饰
猫粮,宠物生活
钣金喷漆,汽车配件
叶菜类,生鲜
男士T区护理,美妆
洗护套装,女性护理
影棚器材,数码
鱼嘴鞋,鞋靴
樱桃,生鲜
灵芝,传统滋补
车载充电器,汽车配件
脱模剂,工业品
收藏品,礼品
松糕鞋,鞋靴
狗粮,宠物生活
电热毯,家居日用
瑜伽服内衣,体育用品
鼻喉护理,护理护具
倒车雷达,汽车配件
跳高杆,体育用品
卡通花束,礼品
鞋配件,鞋靴
文具,文具
保护套,数码
阳台,家具
三轮车,出行工具
磁卡,礼品
唇膜,美妆
电子与通信,电子与通信
卡包,箱包皮具
工业技术,工业技术
休闲棉袜,服装
饼干蛋糕,食品
办公设备,办公设备
体感车,数码
汽车钥匙扣,汽车配件
钟表维修,钟表
散文,图书
轮滑包,体育用品
验钞机,办公设备
电饭煲,家用电器
政治,政治
导航仪,汽车配件
3G上网,数码
蛋类,生鲜
时尚饰品,珠宝首饰
花盆花器,园林用品
面膜,美妆
智能手表,数码
纸品湿巾,家庭清洁
磨砂膏,美妆
电动车零配件,出行工具
救援装备,运动户外
假牙清洁,口腔护理
足浴盆,身体护理
多功能一体机,办公设备
中小学课外读物,图书
床褥,家居日用
待产护理,母婴
车身装饰条,汽车配件
双肩包,箱包皮具
粮油作物种子,园林用品
润滑剂,工业品
文胸,服装
羽毛球包,体育用品
社会科学,社会科学
花草林木类,园林用品
领带,服装
香皂,美妆
饲料添加剂,园林用品
养生茶,饮料
儿童文学,图书
吸奶器,母婴
维矿物质,医药保健
影视,艺术
运动地胶,体育用品
车衣,汽车配件
双眼皮贴,美妆
内衣配件,服装
音乐,音乐
足球鞋,体育用品
睡衣,服装
背婴带,母婴
墨粉,文具
磨砂,美妆
手机壳,数码
UNO牌,棋牌
舞狮,体育用品
壁灯,家装建材
孢子粉,传统滋补
洗碗机,家用电器
电烤箱,家用电器
唇笔,美妆
电陶炉,家用电器
高尔夫球,体育用品
吉他,乐器
床单,家居日用
瑜伽舞蹈,体育用品
雨鞋,鞋靴
模型玩具,玩具
婴童枕芯,母婴
兽医器具,养殖器具
车载电台,汽车配件
4G上网,数码
大码女装,服装
墙贴,家居日用
面部护肤,美妆
面部精华,美妆
休闲鞋,体育用品
电纸书,数码
垂钓用品,运动户外
榴莲,生鲜
男士爽肤水,美妆
婴儿湿巾,母婴
滤镜,数码
床垫,家具
橄榄球头盔,体育用品
雨靴,鞋靴
保暖内衣,服装
外语学习,图书
工装,服装
泌尿,医药保健
油烟机,家用电器
叶酸,营养成分
丝袜,服装
花卉,花卉绿植
智能坐便器,厨房卫浴
剑道,武术搏击
清洁剂,汽车配件
短外套,服装
吸顶灯,家装建材
成人奶粉,饮料
手机,数码
珍珠,珠宝首饰
侦探,侦探
拉拉裤,母婴
防冻液,汽车配件
家庭护理,保健器械
代理代办,服务业
拖鞋,鞋靴
原汁机,家用电器
穿线机,体育用品
雨刷,汽车配件
功能鞋,鞋靴
冲锋衣裤,运动户外
人字拖,鞋靴
瑜伽服套装,体育用品
养生茶饮,传统滋补
马术鞭,体育用品
保险柜,办公设备
浴室柜,厨房卫浴
手机故障,数码
芭蕾舞服,体育用品
棒球帽,服装
跳高架,体育用品
袜子,服装
钓箱钓椅,运动户外
围棋,棋牌
妈咪包,母婴
汽机油,汽车配件
引体向上,体育用品
便携桌椅床,运动户外
城市自行车,出行工具
台球杆筒,体育用品
拍照配件,数码
闹钟,钟表
少儿英语,外语学习
暖奶消毒,母婴
按摩器,身体护理
软壳衣裤,运动户外
考勤机,办公设备
窗帘,家居日用
其他瑜伽用品,体育用品
套头衫,服装
字典词典,图书
洗发,洗发护发
男士私处洗液,男性护理
针织衫,服装
CC霜,美妆
运动护肩,体育用品
乳胶枕,家居日用
卸妆,美妆
点钞机,办公设备
瑜伽服上衣,体育用品
牛奶乳品,饮料
精品男包,箱包皮具
香皂,身体护理
磷肥,园林用品
鸭舌帽,服装
扫描设备,家用电器
基因检测,健康服务
文件管理,文具
电脑办公设备保养,数码
其他马术装备,体育用品
基质,园林用品
机箱,数码
冰淇淋,生鲜
男士面霜,美妆
闪光灯,数码
女士泳衣,体育用品
普拉提器械,体育用品
洁面仪,身体护理
床笠,家居日用
浴盐,美妆
起跑器,体育用品
孕产,母婴
补肾强身,营养健康
唐装,服装
壁球拍,体育用品
无人机,数码
软足类,生鲜
书房家具,家具
菌类,生鲜
沙发垫套,家居日用
汽车音响,汽车配件
T区护理,美妆
手柄,数码
电视盒子,家用电器
本册,文具
马术,体育用品
礼品文具,礼品
电视柜,家具
穿戴装备,体育用品
西服,服装
明目益智,营养健康
拳击,武术搏击
其他舞蹈服,体育用品
建筑,建筑
节庆饰品,家居日用
地垫及矿棉板,工业品
收腹机,体育用品
水杯,母婴
手工香皂,美妆
电脑办公安装,数码
眼部精华,美妆
智能配饰,数码
山地车,出行工具
太阳镜,服装
妆前乳,美妆
旅行配件,箱包皮具
手柄,游戏设备
标签打印耗材,工业品
智能手环,数码
黄酒,酒类
羽毛球鞋,体育用品
发膜,洗发护发
旗袍唐装,服装
男包配件,箱包皮具
面包机,家用电器
减肥塑身,营养健康
胭脂,美妆
企业房源,租房
防晒隔离,美妆
围兜,母婴
速滑头盔,体育用品
除湿机,家用电器
投影机,办公设备
音箱,数码
蓝牙耳机,数码
相框,家居日用
轮毂,汽车配件
奖励旅游,服务业
办公文具,文具
茉莉花茶,饮料
网球包,体育用品
商务男袜,服装
大码内衣,服装
钙铁锌,母婴
自行车配件,出行工具
头部防护,个人防护
老花镜,服装
静电无尘,个人防护
数据线,数码
餐椅摇椅,母婴
旅游,旅游
乌龙茶,饮料
男士乳液,美妆
护腕,体育用品
踝靴,鞋靴
口喷,口腔护理
减震器,汽车配件
其他民俗用品,体育用品
咖啡豆,饮料
冷藏饮料,生鲜
羊毛衫,服装
蚕丝被,家居日用
运动内衣,体育用品
笔记本维修,数码
保鲜盒,厨具
保暖防护,家居日用
上门安装,数码
宝宝零食,母婴
食用油,食品
消毒柜,家用电器
车载冰箱,汽车配件
食物存储,母婴
法律,法律
刻录碟片,文具
机场服务,服务业
电烧烤炉,家用电器
财会用品,文具
乒乓球集球网,体育用品
电力金具,工业品
胸部护理,身体护理
洗护美容,宠物生活
箱包皮具配件,箱包皮具
广场舞鞋,体育用品
扩展卡,数码
手动工具,五金工具
燃气热水器,家用电器
蔬菜,生鲜
杀虫剂,园林用品
护指,体育用品
冰球杆胶布,体育用品
手机贴膜,数码
羽绒枕,家居日用
男靴,鞋靴
整体全包,家装建材
平板电视,家用电器
羽绒服,运动户外
马匹装备,体育用品
女生腰带礼盒,箱包皮具
包装工具,工业品
行李箱,箱包皮具
健身车,体育用品
礼品册,礼品
传记,传记
理发器,母婴
床垫,家居日用
踏步机,体育用品
色子,棋牌
抹胸,服装
领带夹,服装
运动护踝,体育用品
内衣裤,服装
香薰蜡烛,家居日用
耳机,数码
氮肥,园林用品
耐缺氧,营养健康
耳塞,护理护具
体操跳板,体育用品
白板,办公设备
高尔夫球帽,体育用品
脚垫,汽车配件
牙刷,口腔护理
身体护理,美妆
瑜伽发带,体育用品
胶原蛋白,营养成分
背心,服装
白茶,饮料
乒乓球拍,体育用品
层架,家具
冰球头盔,体育用品
车蜡,汽车配件
复合肥,园林用品
仿真阳具,计生用品
休闲衣裤,运动户外
彩妆套装,美妆
网球网,体育用品
溯溪鞋,运动户外
服装洗护,服装
胎教,育儿
油污清洁剂,家庭清洁
加油卡,服务业
餐厅家具,家具
单机游戏数字版,游戏设备
地板清洁剂,家庭清洁
早教益智,数码
体育用品,体育用品
卷纸,家庭清洁
驾驶辅助,汽车配件
舞蹈扇,体育用品
牛肉,生鲜
血糖仪,保健器械
摄像头,数码
自行车,出行工具
异宠用品,宠物生活
军棋,棋牌
台球桌,体育用品
口腔护理套装,口腔护理
芭蕾舞鞋,体育用品
水饺,生鲜
乐器配件,汽车配件
红茶,饮料
巧粉袋,体育用品
军迷用品,运动户外
证件包,箱包皮具
羽毛球蒸球机,体育用品
清洁用品,家庭清洁
生活电器配件,家用电器
打印机,办公设备
户外仪表,运动户外
林业,林业
面条机,家用电器
遥控,玩具
加湿器,家用电器
猫砂,宠物生活
中老年女装,服装
电脑包,箱包皮具
壁挂炉,家装建材
烘干机,家用电器
保障服务,数码
浴室用品,家居日用
养生器械,保健器械
养生,养生
陈年老酒,酒类
雪纺衫,服装
艺术史,艺术
唇釉,美妆
洗车机,汽车配件
收音机,数码
空调,家用电器
户外器材,数码
游戏机,游戏设备
尤克里里,乐器
游戏设备,游戏设备
吊床,运动户外
装饰摆件,家居日用
橄榄球鞋服,体育用品
婴儿口腔清洁,母婴
车用收纳袋,汽车配件
登山鞋,运动户外
锅具套装,厨具
手拿包,箱包皮具
其他美妆工具,美妆
毛呢大衣,服装
助听器,保健器械
泳帽,体育用品
女士腰带,箱包皮具
垃圾处理设施,工业品
蓄电池,汽车配件
其它肉类,生鲜
钾肥,园林用品
食具水具,宠物生活
大衣,服装
女士丝巾,服装
游泳圈,体育用品
打击乐器,乐器
健美操鞋,体育用品
家庭清洁,家庭清洁
泳衣,服装
棉鞋,鞋靴
单鞋,鞋靴
手机耳机,数码
西裤,服装
内脏类,生鲜
创意礼品,礼品
成人尿裤,母婴
烟嘴,礼品
钓鱼灯,运动户外
花露水,身体护理
折叠车,出行工具
雾化器,保健器械
励志与成功,励志与成功
纤维被,家居日用
男士面膜,美妆
美发工具,洗发护发
雨伞,服装
巧克力,食品
睫毛膏,美妆
书包,箱包皮具
遮瑕,美妆
麦克风,数码
美容养颜,营养健康
毛线帽,服装
面霜,美妆
镜头附件,数码
眼线,美妆
情趣内衣,服装
化妆包,箱包皮具
色带,文具
柚子茶,饮料
矿物质,营养成分
会议周边,服务业
数码相框,数码
公路车,出行工具
监控设备,工业品
猪用器具,养殖器具
装机配件,数码
越野跑鞋,运动户外
内衣,服装
运动服,服装
鱼线轮,运动户外
笔记本配件,数码
电动工具,五金工具
男士卸妆,美妆
鹿茸,传统滋补
枫斗,传统滋补
护齿,体育用品
电话机,家用电器
健身路径,体育用品
冷风扇,家用电器
初乳,母婴
车载床,汽车配件
瑜伽服外套,体育用品
按摩椅,身体护理
地图,旅游
护理床,保健器械
防辐射眼镜,服装
电脑办公维修,数码
葡萄酒,酒类
青春文学,图书
彩色隐形,眼镜
遮阳帽,服装
电脑工具,数码
高尔夫T恤,体育用品
鼠标,数码
密封件,工业品
羽毛球网,体育用品
篮球架,体育用品
餐具,厨具
军事,军事
功能内衣,运动户外
手部防护,个人防护
安全座椅,母婴
防溅衣,母婴
拐杖,保健器械
轮滑滑板,体育用品
休闲运动包,箱包皮具
装饰眼镜,服装
衬衫,服装
羽毛球袜,体育用品
休闲鞋,运动户外
青钱柳,传统滋补
婴儿外出服,母婴
镜头,数码
电脑桌,家具
屏幕换新,数码
瑜伽圈,体育用品
摄影写真,服务业
杂志,图书
水族箱,宠物生活
脱毛膏,身体护理
奇异果,生鲜
绿茶,饮料
劳防用品,五金工具
手机饰品,数码
花草茶,饮料
花果茶,饮料
防晒,身体护理
连环画,艺术
口腔齿科,健康服务
身体防护,个人防护
拖把,家庭清洁
婴儿内衣,母婴
乳液,美妆
牌九,棋牌
健身与保健,健身与保健
机械锁,五金工具
挂烫机,家用电器
内裤,服装
射灯,家装建材
车贴,汽车配件
随笔,图书
海参,生鲜
女靴,鞋靴
番茄红素,营养成分
机身附件,数码
透明隐形,眼镜
漂移板,体育用品
短裤,服装
会计类考试,图书
婴童隔尿巾,母婴
冰球杆,体育用品
苹果周边,数码
美妆工具,美妆
电子烟,礼品
局部装修,家装建材
钥匙包,箱包皮具
投资银,珠宝首饰
团体培训,体育用品
照明,家装建材
单肩,箱包皮具
女士披肩,服装
悬疑,悬疑
马术头盔,体育用品
机床,工业品
BB霜,美妆
工具书,图书
DIY,DIY
开关插座,家装建材
其他武术装备,武术搏击
棒球,体育用品
笔类,文具
孕期营养,母婴
服饰配件,服装
皮肤用药,医药保健
花样滑冰服,体育用品
头枕腰靠,汽车配件
血压计,保健器械
鸡肉,生鲜
点读机,数码
瑜伽袜,体育用品
篮球,体育用品
贝雷帽,服装
婴儿尿裤,母婴
包装耗材,工业品
保健器械,保健器械
台球杆盒,体育用品
压缩衣,体育用品
装饰字画,家居日用
断路器,家装建材
眉笔,美妆
安全预警仪,汽车配件
浴盐,身体护理
电池,数码
轮椅,保健器械
扑克,棋牌
裤子,服装
显卡,数码
耗材,文具
抓绒衣裤,运动户外
洗发水,洗发护发
仿皮皮衣,服装
皮具护理,家庭清洁
菜粉,母婴
羊肉,生鲜
墨盒,文具
打底裤,服装
会议音频视频,办公设备
线缆,数码
玻璃水,汽车配件
洗手液,身体护理
单双杠,体育用品
户外袜,运动户外
民族服装,服装
民俗运动,体育用品
猫湿粮,宠物生活
鞋靴,鞋靴
工具组套,五金工具
水具酒具,厨具
安全防护,母婴
浮漂,运动户外
变速箱油,汽车配件
饮水机,家用电器
农技服务,园林用品
U盘,数码
筒灯,家装建材
男士手包,箱包皮具
男士眼部精华,美妆
安全警示标识,工业品
毛绒布艺,玩具
家电清洗,家用电器
连体衣,服装
肚皮舞鞋,体育用品
纸类,文具
CET-4,外语学习
奶瓶奶嘴,母婴
装修设计,家装建材
高尔夫球包,体育用品
酒店套餐,服务业
动感单车,体育用品
拔河绳,体育用品
柔道,武术搏击
安全器具,工业品
运动护具,体育用品
体检套餐,健康服务
MP3,数码
男士面部精华,美妆
油漆涂料,工业品
中国象棋,棋牌
军迷服饰,运动户外
除螨仪,家用电器
润唇膏,美妆
洗洁精,家庭清洁
速滑冰刀鞋,体育用品
徒步鞋,运动户外
男士腰带礼盒,箱包皮具
运动鞋,鞋靴
日韩流行,日韩流行
专项运动鞋,体育用品
卫生棉条,女性护理
罩件,家居日用
汽车贴膜,汽车配件
粉底液,美妆
猕猴桃,生鲜
卫裤,服装
剃毛器,身体护理
眼膜,美妆
酵素,营养成分
箱包,箱包皮具
雪地靴,运动户外
呼吸防护,个人防护
羊绒衫,服装
其他舞蹈配件,体育用品
咖啡,饮料
钱币,收藏
羽绒服,体育用品
气垫BB霜,美妆
车载影音,汽车配件
小型农机具,园林用品
冷柜,家用电器
塑身美体,服装
排球网,体育用品
一次性用品,家庭清洁
扫把,家庭清洁
加绒裤,服装
炒锅,厨具
滑雪服,运动户外
永生花,礼品
石斛,传统滋补
礼帽,服装
其它汽修工具,汽车配件
眼部护理,美妆
修眉刀,美妆
设计,设计
长板,体育用品
组装电脑,数码
洗脸扑,美妆
车载支架,汽车配件
洗衣液,身体护理
鲜花,礼品
网络配件,数码
口腔用药,医药保健
烘焙原料,食品
小说,图书
飞机游艇,运动户外
手工绣,家居日用
橄榄球手套,体育用品
饮用水,饮料
毛线,服装
狗厕所,宠物生活
KTV音响,家用电器
毽子,体育用品
冰球训练服,体育用品
其它轮滑滑板,体育用品
呼吸机,保健器械
钓鱼配件,运动户外
乒乓球拍胶皮,体育用品
历史,历史
光驱,数码
左旋肉碱,营养成分
吊带,服装
飞机杯,计生用品
清洗剂,工业品
科幻小说,图书
防溢乳垫,母婴
婚庆节庆,礼品
颈部护理,身体护理
ETC,汽车配件
股票,金融
儿童餐具,母婴
SSD固态硬盘,数码
晶体管,工业品
卷发器,身体护理
军迷装备,运动户外
茶几,家具
休闲裤,服装
奶酪黄油,生鲜
其它男士面部护肤,美妆
刀剪菜板,厨具
双排轮滑鞋,体育用品
婴童蚊帐,母婴
气垫CC霜,美妆
其它生活电器,家用电器
工业擦拭,工业品
园艺工具,园林用品
实验室设备,工业品
工艺礼品,礼品
情侣睡衣,服装
钱包,箱包皮具
川牌,棋牌
翻译机,数码
当归,传统滋补
收银机,办公设备
市场营销,市场营销
阿胶,传统滋补
电磁炉,家用电器
欧美表,钟表
乒乓球桌,体育用品
烧烤用具,运动户外
纤体塑形,身体护理
书架,家具
防水台,鞋靴
剃须,美妆
网络存储,数码
零钱包,箱包皮具
贴膜,数码
英语六级考试,外语学习
运动背心,体育用品
眼线笔,美妆
搬运设备,工业品
挂钟,钟表
护臂,体育用品
纤体塑形,美妆
孕妇护肤,母婴
粉扑,美妆
化学品处理,工业品
沙滩凉拖,运动户外
美容器,身体护理
棉服,服装
熨烫,家居日用
女士围巾,服装
电脑清洁,数码
润肤,身体护理
驱蚊驱虫,家庭清洁
贝类,生鲜
浓缩料,园林用品
牵引绳,宠物生活
净水器,家用电器
陆战棋,棋牌
肝胆用药,医药保健
钟表配件,钟表
爬服,母婴
饰品,珠宝首饰
中山装,服装
有机肥,园林用品
网球服,体育用品
油漆,家装建材
髌骨带,体育用品
划船机,体育用品
耳罩,服装
微生物肥料,园林用品
干花,礼品
女装,服装
男士化妆水,美妆
方便食品,食品
香薰精油,美妆
奶茶,饮料
腮红,美妆
电吹风,身体护理
现代舞服,体育用品
小鱼板,体育用品
十字绣,家居日用
坡跟鞋,鞋靴
电饼铛,家用电器
养肝护肝,营养健康
大中专教材教辅,图书
鲜菌菇,生鲜
护发素,洗发护发
婴童毛巾,母婴
绘本,图书
毛巾,家居日用
轮胎,汽车配件
健身手套,体育用品
便签,文具
桌布,家居日用
健身服,体育用品
录音笔,数码
一体机,数码
安装维修,家装建材
糖果,食品
美体护理,护理护具
洗衣机,家用电器
科学与自然,科学与自然
冲调品,饮料
办公家具,家具
水族活体,宠物生活
音响,数码
智能马桶盖,厨房卫浴
牙线,口腔护理
智能机器人,数码
手机支架,数码
车身装饰件,汽车配件
计算机与互联网,计算机与互联网
气动元件,工业品
宝宝护肤,母婴
汽车玻璃,汽车配件
夹克,服装
防锈剂,工业品
倒模,计生用品
化妆棉,美妆
毛球修剪器,家用电器
刃具,工业品
皮带礼盒,箱包皮具
钓鱼服饰,运动户外
旗袍,服装
家政保洁,服务业
胸包,箱包皮具
平衡车,出行工具
紧身服,体育用品
学步车,母婴
硬盘,数码
瑜伽鞋,体育用品
商业办公,家具
吊灯,家装建材
淋浴房,厨房卫浴
米粉,母婴
单肩包,箱包皮具
画具画材,文具
百香果,生鲜
钓竿,运动户外
投资,金融
跌打损伤,健康服务
农机配件,园林用品
衣物清洁,家庭清洁
碎纸机,家用电器
跑步鞋,体育用品
女式内裤,服装
园林机械,园林用品
自我完善,自我完善
眼线液,美妆
正时皮带,汽车配件
足球,体育用品
枕巾枕套,家居日用
乒乓球发球机,体育用品
电动车装备,出行工具
棉服,体育用品
心理学,心理学
逆变器,汽车配件
男士防晒,美妆
围巾,服装
自动化零部件,工业品
交换机,数码
洁面,美妆
燃气灶,家用电器
爽肤水,美妆
健身玩具,玩具
婴童睡袋,母婴
造型,美妆
管理,管理
钻石,珠宝首饰
妈妈鞋,鞋靴
百科,百科
私教培训,体育用品
速干衣裤,运动户外
剃须刀,身体护理
婴童浴衣,母婴
家居服,服装
其他橄榄球装备,体育用品
摄像机,数码
水壶,母婴
投资收藏,珠宝首饰
垃圾处理器,厨房卫浴
网络仪表仪器,数码
仿真娃娃,计生用品
方便菜,生鲜
装饰贴,家居日用
农机整机,园林用品
瑜伽包,体育用品
毛线手套,服装
香水,美妆
耳麦,数码
瑜伽垫,体育用品
门球,体育用品
乒乓球服,体育用品
电子词典,数码
酒柜,家用电器
POLO衫,服装
游戏本,数码
民族管弦乐器,乐器
地板,家装建材
葱姜蒜椒,生鲜
DVD,家用电器
美妆礼品,礼品
经济,经济
移动电源,数码
茄果瓜类,生鲜
家用五金,五金工具
清洁机,家用电器
手提包,箱包皮具
运动发带,体育用品
复读机,数码
电热水器,家用电器
钥匙扣,服装
绘画,艺术
电风扇,家用电器
台球修杆器,体育用品
瑜伽球,体育用品
礼品定制,礼品
猫零食,宠物生活
中央空调,家用电器
多肉植物,花卉绿植
球柱,体育用品
缝纫用品,家居日用
三脚架,数码
儿童配饰,母婴
篮球鞋,体育用品
羽毛球,体育用品
中医保健,保健器械
装订机,办公设备
储物箱,家居日用
背包,运动户外
秋衣秋裤,服装
线衫,服装
DHA,母婴
休闲鞋,鞋靴
牙粉,口腔护理
卧室家具,家具
涂料,家装建材
鱼类,生鲜
速滑刀片,体育用品
硬盘盒,数码
氛围照明,家装建材
打底衫,服装
游泳包防水包,体育用品
雪蛤,传统滋补
跳绳,体育用品
运动相机,数码
辅助装备,运动户外
果汁,母婴
户外服,服装
睡袋,运动户外
存储设备,工业品
洗衣液,家庭清洁
甩脂机,体育用品
空竹,体育用品
男装,服装
机票套餐,服务业
文胸套装,服装
港台图书,图书
光学镜片,服装
汽车装饰灯,汽车配件
风衣,服装
沙发,家具
真皮皮衣,服装
唇线笔,美妆
调节三高,营养健康
领导学,领导学
户外照明,运动户外
鱼饲料,宠物生活
储物家具,家具
杀菌剂,园林用品
手机包,箱包皮具
补气养血,医药保健
商务公文包,箱包皮具
刻录机,数码
冲印服务,数码
妇科用药,医药保健
直发器,身体护理
耳包,服装
舞蹈把杆,体育用品
熨斗,家用电器
臂力器,体育用品
骑行运动,出行工具
健康监测,数码
橙子,生鲜
馄饨,生鲜
电脑安装,数码
卫生护垫,女性护理
增强免疫,营养健康
复合机,办公设备
熏香,礼品
瑞表,钟表
婴童凉席,母婴
驱蚊防晒,母婴
中兽药,养殖器具
焊接耗材,工业品
骰子,棋牌
裙子,服装
手电筒,家装建材
少女文胸,服装
野餐用品,运动户外
其他排球装备,体育用品
日常护理,身体护理
客厅家具,家具
拉丁舞鞋,体育用品
响鞭,体育用品
电池换新,数码
棒球手套,体育用品
封装机,办公设备
收藏酒,酒类
瑜伽拉力带,体育用品
旅行包,箱包皮具
地暖,家装建材
皮草,服装
其他运动护具,体育用品
蟹类,生鲜
智力开发,育儿
棉服,运动户外
爬行垫,母婴
洗衣服务,服装
台球杆保养工具,体育用品
底盘装甲,汽车配件
轴承及其工具,工业品
瑜伽服裤,体育用品
厨卫挂件,厨房卫浴
游泳配件,体育用品
洗车配件,汽车配件
猫狗窝,宠物生活
止痛镇痛,医药保健
训练鞋,体育用品
口腔护理,口腔护理
烫发产品,洗发护发
湿厕纸,家庭清洁
底妆,美妆
老年代步车,出行工具
龙舟服,体育用品
烟盒,礼品
仰卧板,体育用品
CPU,数码
白酒,酒类
中老年男装,服装
Soundbar,家用电器
眼科用药,医药保健
对讲机,数码
运动包,体育用品
绣花鞋,鞋靴
绿植盆栽,花卉绿植
内存,数码
动漫玩具,玩具
消毒液,家庭清洁
家电服务,家用电器
水槽,厨房卫浴
取暖电器,家用电器
游戏耳机,游戏设备
车厘子,生鲜
眼镜配件,眼镜
袖扣,服装
马桶,厨房卫浴
美食,美食
K金饰品,珠宝首饰
补肾壮阳,医药保健
测量工具,五金工具
无人机维修,数码
户外配饰,运动户外
按钮,工业品
充气娃娃,计生用品
蛋白质,营养成分
男士腰带,箱包皮具
车机,汽车配件
运动护腿,体育用品
京东卡,礼品
手机电池,数码
口红,美妆
婴童浴巾,母婴
落地灯,家装建材
猫罐头,宠物生活
专业音频,数码
唇部精华,美妆
孕妈奶粉,母婴
杂粮,食品
办号卡,数码
男用延时,计生用品
洗车服务,汽车配件
眼部保健,健康服务
苗木,花卉绿植
笔记本,数码
抽纸,家庭清洁
走珠,身体护理
布面料,服装
拉杆箱,箱包皮具
配件,箱包皮具
半身裙,服装
网球拍,体育用品
眼影,美妆
营养土,园林用品
添加剂,汽车配件
全价料,园林用品
充电器,数码
婴童口水巾,母婴
晾衣架,家具
改装配件,汽车配件
单排轮滑鞋,体育用品
车载蓝牙,汽车配件
清洁化学品,工业品
电炖锅,家用电器
家电安装,家用电器
男士彩妆,美妆
防晒手套,服装
自驾野营,汽车配件
海产干货,生鲜
无线音箱,数码
护发,美妆
正装裤,服装
洗澡用具,母婴
功能箱包,箱包皮具
英语四级考试,外语学习
医学,医学
焊接设备,工业品
瓜果类,园林用品
迷你音响,家用电器
积木拼插,玩具
单电相机,数码
内增高,鞋靴
健腹轮,体育用品
休闲零食,食品
邮票,收藏
狗湿粮,宠物生活
书信,图书
沙滩鞋,鞋靴
配电箱,家装建材
煎药壶,家用电器
半加工蔬菜,生鲜
椰青,生鲜
假发,洗发护发
辅食料理机,母婴
家电维修,家用电器
咖啡具,厨具
羽绒被,家居日用
铁观音,饮料
维生素,营养成分
增长液,美妆
打火机,礼品
网球捡球器,体育用品
实验室试剂,工业品
保温杯,厨具
充气泵,汽车配件
翡翠玉石,珠宝首饰
跑步机,体育用品
脱毛工具,身体护理
膨化食品,食品
冰箱,家用电器
坠落防护,个人防护
卫衣,服装
数码相机,数码
筹码,棋牌
文化,艺术
相机清洁,数码
牛奶,饮料
LED灯源,家装建材
血氧仪,保健器械
足部防护,个人防护
其他舞蹈鞋,体育用品
羽绒服,服装
金融与投资,金融
婴儿鞋帽袜,母婴
农业,农业
榨汁机,家用电器
平板维修,数码
登山攀岩,运动户外
香皂花,礼品
刻录附件,文具
经济管理,经济管理
香水彩妆,美妆
紧固件,工业品
板材,家装建材
西兽药,养殖器具
防辐射服,母婴
人参,传统滋补
婴儿推车,母婴
后备箱垫,汽车配件
感冒咳嗽,医药保健
椅垫,家居日用
咖啡机,家用电器
邮资封片,收藏
插座,家装建材
进口原版,图书
驱虫用品,家庭清洁
瑜伽铺巾,体育用品
家电配件,家用电器
脸部护理,身体护理
毛毯,家居日用
云台,数码
元宵,生鲜
摇号机,棋牌
情趣内衣,计生用品
耳鼻喉用药,医药保健
台球杆,体育用品
微单相机,数码
婴儿床垫,母婴
庭院灯,家装建材
婴儿礼盒,母婴
收纳用品,家居日用
户外风衣,运动户外
保健蜂产品,传统滋补
速滑手套,体育用品
工装鞋,运动户外
橱柜,厨房卫浴
运动服饰,体育用品
筹码架,棋牌
儿科用药,医药保健
吊顶,家装建材
键盘,数码
止汗露,身体护理
网络盒子,数码
创可贴,护理护具
乳液面霜,美妆
路由器,数码
水溶肥,园林用品
VR眼镜,数码
运动护腰,体育用品
破壁机,家用电器
比基尼,体育用品
牙贴,口腔护理
礼服,服装
男士丝巾,服装
其它面部护肤,美妆
羽毛球服,体育用品
工装鞋,鞋靴
登山包,箱包皮具
乒乓底板,体育用品
美容塑形,健康服务
地毯,家居日用
婴儿床,母婴
婴幼奶粉,母婴
枸杞,传统滋补
芒果,生鲜
斜挎包,箱包皮具
置物架,家具
冲饮谷物,饮料
冰上运动,体育用品
叶面肥,园林用品
瑜伽短裤,体育用品
微波炉,家用电器
煮蛋器,家用电器
帐篷,运动户外
虾类,生鲜
网球,体育用品
网球网架,体育用品
硒鼓,文具
中小学教辅,图书
排球,体育用品
拍立得,数码
马丁靴,鞋靴
声卡,数码
游泳用品,体育用品
鱼粮,宠物生活
花样滑冰鞋,体育用品
移动硬盘,数码
皮鞋,鞋靴
多用途锅,家用电器
管材管件,家装建材
制氧机,保健器械
男士洁面,美妆
染发,美妆
预混料,园林用品
龙井,饮料
足球护腿板,体育用品
车载生活电器,汽车配件
电脑椅,家具
车载配件,数码
其它彩妆,美妆
清咽利喉,营养健康
CET-6,外语学习
水族,宠物生活
眼脸部防护,个人防护
橄榄球,体育用品
卡包名片夹,箱包皮具
低温奶,生鲜
化学品存储,工业品
南北干货,食品
壁炉,家装建材
啤酒,酒类
功放,家用电器
羽毛被,家居日用
气动工具,五金工具
粥,母婴
综合训练器,体育用品
足球战术板,体育用品
极限户外,运动户外
暖通,家装建材
鱼缸,宠物生活
坚果炒货,食品
台球,体育用品
体温计,保健器械
帆布鞋,鞋靴
马术服装,体育用品
男士钱包,箱包皮具
烟斗,礼品
餐桌,家具
车载吸尘器,汽车配件
玩具书,图书
染发产品,洗发护发
猫狗玩具,宠物生活
手套,服装
智能家居,数码
洗车枪头,汽车配件
西洋管弦,乐器
洗发,美妆
帽子,服装
衣柜,家具
护理液,计生用品
肉制品,生鲜
园林,园林用品
空手道,武术搏击
日韩表,钟表
西洋参,传统滋补
计算器,文具
合约机,数码
婴童隔尿垫,母婴
巧粉夹,体育用品
电子琴,乐器
男科,医药保健
电压力锅,家用电器
其他棋牌麻将,棋牌
染发,洗发护发
毛衫,服装
针织用品,家居日用
冲浪潜水,运动户外
保温箱,汽车配件
创意配件,数码
护发,洗发护发
筹码盒,棋牌
男士面部护肤,美妆
火龙果,生鲜
推理,推理
国表,钟表
世界名著,图书
避孕用药,医药保健
壁纸,家装建材
鼠标垫,数码
维生素,母婴
运动护肘,体育用品
冰刀套,体育用品
运动跟踪器,数码
男士眼霜,美妆
雨伞雨具,家居日用
仪器仪表,五金工具
运动裤,体育用品
海鲜制品,生鲜
考试,教育
咖啡粉,饮料
平板电脑,数码
健身训练,体育用品
设计师,设计
高尔夫7号铁,体育用品
散粉,美妆
高尔夫模拟器,体育用品
蜜饯果干,食品
渔具包,运动户外
精华,美妆
城市通,服务业
床,家具
手机维修,数码
方向盘,游戏设备
座便器,厨房卫浴
根茎类,生鲜
礼盒礼券,礼品
增高鞋,鞋靴
保护器,家装建材
牙胶安抚,母婴
除草剂,园林用品
车用收纳盒,汽车配件
肠胃消化,医药保健
造型,洗发护发
户外鞋服,运动户外
单反相机,数码
美甲产品,美妆
Hi-Fi专区,家用电器
马房装备,体育用品
湿巾,家庭清洁
办公柜,家具
高尔夫球杆套杆,体育用品
瑜伽绳,体育用品
创意家居,家居日用
鞋柜,家具
工具配件,五金工具
显示器,数码
浴霸,家装建材
男士围巾,服装
润滑液,计生用品
棒球棒,体育用品
羽毛球拍,体育用品
连裤袜,服装
骨骼健康,营养健康
烹饪,美食
小西装,服装
高跟鞋,鞋靴
面条,母婴
投影配件,数码
真皮手套,服装
美妆工具套装,美妆
暖贴,护理护具
指示灯,工业品
冰球手套,体育用品
运动配饰,体育用品
豆浆机,家用电器
洗车水枪,汽车配件
马术护腿,体育用品
乒乓球鞋,体育用品
助力带,体育用品
女士皮带,箱包皮具
布鞋,鞋靴
化学试剂,工业品
电子秤,身体护理
清洁设备,工业品
牙线棒,口腔护理
面点,生鲜
眼霜,美妆
狼人杀,棋牌
运动护臀,体育用品
投资金,珠宝首饰
口罩,服装
运动肌肉贴,体育用品
胎心仪,保健器械
望远镜,运动户外
UPS电源,数码
游戏软件,游戏设备
火花塞,汽车配件
婴童枕套,母婴
边桌,家具
料理机,家用电器
滑雪装备,运动户外
瑜伽吊床,体育用品
电子锁,五金工具
益智玩具,玩具
铂金,珠宝首饰
假睫毛,美妆
洁厕剂,家庭清洁
瓷砖,家装建材
维修保养,数码
狗罐头,宠物生活
花瓶花艺,家居日用
拉丁舞服,体育用品
扭扭车,母婴
洗衣皂,身体护理
滑板车,出行工具
潮流女包,箱包皮具
钟饰,家居日用
亲子装,服装
网络产品,数码
空气净化器,家用电器
育儿,育儿
西式烘焙,生鲜
运动鞋包,体育用品
足疗机,身体护理
其他器械,体育用品
冰球鞋,体育用品
热水瓶,家用电器
家庭影院,家用电器
学生文具,文具
养生壶,家用电器
靴子,鞋靴
电钢琴,乐器
美胸,身体护理
光学镜架,服装
大码男装,服装
婴童尿布,母婴
狗零食,宠物生活
烹饪锅具,厨具
私密护理,女性护理
蜂蜜,饮料
男士润唇膏,美妆
汽车钥匙包,汽车配件
服务产品,数码
产后塑身,母婴
保养维修,汽车配件
乒乓球袜,体育用品
外套,服装
精油,身体护理
MP4,数码
车载电器配件,汽车配件
平板电脑配件,数码
钢琴,乐器
行李架,汽车配件
漱口水,口腔护理
三七,传统滋补
电气装备电缆,工业品
高尔夫球包车,体育用品
毛衣,服装
腰带,箱包皮具
胶粘剂,工业品
体育服务,体育用品
水晶玛瑙,珠宝首饰
心脑血管,医药保健
相机包,数码
椭圆机,体育用品
电水壶,家用电器
抱枕靠垫,家居日用
瑜伽柱,体育用品
男士泳衣,体育用品
团队建设,服务业
婴童抱被,母婴
潮牌,设计
火锅丸料,生鲜
学生平板,数码
拉力器,体育用品
瑜伽半圆球,体育用品
台式机,数码
眉粉,美妆
哑铃,体育用品
武侠,武侠
连衣裙,服装
燕窝,传统滋补
烟油,礼品
风湿骨外伤,医药保健
台球皮头,体育用品
驾驶培训,汽车配件
农耕,园林用品
实验室耗材,工业品
T恤,服装
鱼饵,运动户外
胸背带,宠物生活
垫子,运动户外
干衣机,家用电器
帘艺隔断,家居日用
跆拳道,武术搏击
维修配件,汽车配件
家教,育儿
女性护理,女性护理
其它茶,饮料
美甲工具,美妆
移动空调,家用电器
洗发护发,洗发护发
遮阳伞,服装
有机食品,食品
装宽带,数码
智能健康,保健器械
防滑粉,体育用品
窗纱,家居日用
猪肉,生鲜
人物传记,图书
洋酒,酒类
脱毛器,身体护理
米面调味,食品
益生菌,母婴
饰品,箱包皮具
安防监控,办公设备
排卵验孕,计生用品
古董文玩,礼品
幼儿启蒙,育儿
创意减压,玩具
美腿袜,服装
计算机,数码
茶具,厨具
传真设备,办公设备
卫生巾,女性护理
德表,钟表
宠物鞋服,宠物生活
玛咖,营养成分
男式内裤,服装
空气炸锅,家用电器
婚纱,服装
台球杆头,体育用品
游泳镜,服装
隔离霜,美妆
