宿州,四线
淮北,五线
亳州,四线
阜阳,三线
蚌埠,三线
淮南,四线
滁州,三线
六安,四线
马鞍山,三线
安庆,三线
芜湖,三线
铜陵,四线
宣城,四线
池州,五线
黄山,四线
合肥,二线
澳门,港澳台
北京,一线
天津,新一线
上海,一线
重庆,新一线
香港,港澳台
福州,二线
龙岩,三线
南平,三线
宁德,三线
莆田,三线
泉州,二线
三明,三线
厦门,二线
漳州,三线
白银,五线
定西,五线
甘南,五线
嘉峪关,五线
金昌,五线
酒泉,五线
兰州,二线
临夏,五线
陇南,五线
平凉,五线
庆阳,五线
天水,五线
武威,五线
张掖,五线
潮州,三线
东莞,新一线
佛山,二线
广州,一线
河源,四线
惠州,二线
江门,三线
揭阳,三线
茂名,四线
梅州,三线
清远,三线
汕头,三线
汕尾,四线
韶关,四线
深圳,一线
阳江,四线
云浮,五线
湛江,三线
肇庆,三线
中山,二线
珠海,二线
百色,四线
北海,四线
崇左,五线
防城港,五线
贵港,五线
桂林,三线
河池,五线
贺州,五线
来宾,五线
柳州,三线
南宁,二线
钦州,五线
梧州,四线
玉林,四线
安顺,四线
毕节,四线
贵阳,二线
六盘水,四线
黔东南,四线
黔南,四线
黔西南,五线
铜仁,四线
遵义,三线
白沙,五线
保亭,五线
昌江,五线
澄迈,五线
儋州,五线
定安,五线
东方,五线
海口,二线
乐东,五线
临高,五线
陵水,五线
琼海,五线
琼中,五线
三亚,三线
屯昌,五线
万宁,五线
文昌,五线
五指山,五线
保定,三线
沧州,三线
承德,四线
邯郸,三线
衡水,五线
廊坊,三线
秦皇岛,三线
石家庄,二线
唐山,三线
邢台,四线
张家口,四线
安阳,四线
鹤壁,五线
济源,五线
焦作,四线
开封,四线
洛阳,三线
漯河,五线
南阳,三线
平顶山,四线
濮阳,五线
三门峡,五线
商丘,三线
新乡,三线
信阳,三线
许昌,四线
郑州,新一线
周口,四线
驻马店,四线
大庆,三线
大兴安岭,五线
哈尔滨,二线
鹤岗,五线
黑河,五线
鸡西,五线
佳木斯,四线
牡丹江,四线
七台河,五线
齐齐哈尔,四线
双鸭山,五线
绥化,四线
伊春,五线
鄂州,五线
恩施,四线
黄冈,四线
黄石,四线
荆门,五线
荆州,三线
潜江,五线
神农架,五线
十堰,四线
随州,五线
天门,五线
武汉,新一线
仙桃,五线
咸宁,四线
襄阳,三线
孝感,四线
宜昌,三线
常德,四线
郴州,三线
衡阳,三线
怀化,四线
娄底,四线
邵阳,四线
湘潭,三线
湘西,五线
益阳,四线
永州,四线
岳阳,三线
张家界,五线
长沙,新一线
株洲,三线
白城,五线
白山,五线
吉林,三线
辽源,五线
四平,五线
松原,五线
通化,五线
延边,四线
长春,二线
常州,二线
淮安,三线
连云港,三线
南京,新一线
南通,二线
苏州,新一线
泰州,三线
无锡,二线
宿迁,三线
徐州,二线
盐城,三线
扬州,二线
镇江,三线
抚州,四线
赣州,三线
吉安,四线
景德镇,四线
九江,三线
南昌,二线
萍乡,五线
上饶,三线
新余,五线
宜春,四线
鹰潭,四线
鞍山,三线
本溪,五线
朝阳,五线
大连,二线
丹东,四线
抚顺,五线
阜新,五线
葫芦岛,五线
锦州,四线
辽阳,五线
盘锦,四线
沈阳,新一线
铁岭,五线
营口,四线
阿拉善,五线
巴彦淖尔,五线
包头,三线
赤峰,四线
鄂尔多斯,四线
呼和浩特,三线
呼伦贝尔,五线
通辽,五线
乌海,五线
乌兰察布,五线
锡林郭勒,五线
兴安,五线
果洛,五线
黄南,五线
西宁,四线
玉树,五线
滨州,四线
德州,四线
东营,四线
菏泽,四线
济南,二线
济宁,三线
莱芜,五线
聊城,四线
临沂,三线
青岛,新一线
日照,四线
泰安,五线
威海,三线
潍坊,三线
烟台,二线
枣庄,四线
淄博,三线
大同,四线
晋城,五线
晋中,四线
临汾,四线
吕梁,五线
朔州,五线
太原,二线
忻州,五线
阳泉,五线
运城,四线
长治,五线
安康,五线
宝鸡,四线
汉中,五线
商洛,五线
铜川,五线
渭南,四线
西安,新一线
咸阳,三线
延安,五线
榆林,四线
阿坝,五线
巴中,五线
成都,新一线
达州,五线
德阳,四线
甘孜,五线
广安,五线
广元,五线
乐山,四线
凉山,五线
泸州,四线
眉山,四线
绵阳,三线
南充,四线
内江,五线
攀枝花,五线
遂宁,五线
雅安,五线
宜宾,四线
资阳,五线
自贡,五线
昌都,五线
拉萨,四线
林芝,五线
那曲,五线
日喀则,五线
山南,五线
阿克苏,五线
阿拉尔,五线
阿勒泰,五线
巴音郭楞,五线
北屯,五线
博尔塔拉,五线
昌吉,五线
哈密,五线
和田,五线
喀什,五线
可克达拉,五线
克拉玛依,五线
克孜勒苏柯尔克孜,五线
昆玉,五线
石河子,五线
双河,五线
塔城,五线
铁门关,五线
图木舒克,五线
吐鲁番,五线
乌鲁木齐,三线
五家渠,五线
伊犁,五线
保山,四线
楚雄,五线
大理,四线
德宏,四线
迪庆,五线
红河,四线
昆明,新一线
丽江,四线
临沧,五线
怒江,五线
普洱,五线
曲靖,四线
文山,五线
西双版纳,四线
玉溪,五线
昭通,五线
杭州,新一线
湖州,三线
嘉兴,二线
金华,二线
丽水,三线
宁波,新一线
衢州,四线
绍兴,二线
台州,二线
温州,二线
舟山,三线
银川,三线